{"schemaVersion":"1.0","appDefinitionTemplate":{"id":"/providers/Microsoft.PowerApps/apps/","type":"Microsoft.PowerApps/apps","tags":{"primaryDeviceWidth":"640","primaryDeviceHeight":"1136","sienaVersion":"20220222T053306Z-3.22021.27.0","deviceCapabilities":"webcam","supportsPortrait":"true","supportsLandscape":"true","primaryFormFactor":"Phone","publisherVersion":"3.22021.27","minimumRequiredApiVersion":"2.2.0","hasComponent":"false","hasUnlockedComponent":"false","isUnifiedRootApp":"false"},"properties":{"appVersion":"2022-02-22T05:33:06Z","lifeCycleId":"Published","createdByClientVersion":{"major":3,"minor":22021,"build":27,"revision":0,"majorRevision":0,"minorRevision":0},"minClientVersion":{"major":3,"minor":22021,"build":27,"revision":0,"majorRevision":0,"minorRevision":0},"backgroundColor":"RGBA(0,176,240,1)","backgroundImageUri":"/7406942532680700599/N1c50167c-fe8e-4a59-a9c6-6f4f3febf939-logoSmallFile","displayName":"一些函数","description":"","commitMessage":"","appUris":{"documentUri":{"value":"/7406942532680700599/Nb9dea99f-6cff-4795-bb75-31280122b376-document.msapp"},"imageUris":[]},"createdTime":"0001-01-01T00:00:00Z","lastModifiedTime":"0001-01-01T00:00:00Z","sharedGroupsCount":0,"sharedUsersCount":0,"icons":{"smallIconUri":"/7406942532680700599/Nebd4d711-dbae-4b1e-a12f-55e9d7da32fd-small.png","mediumIconUri":"/7406942532680700599/N891872c2-28a1-482c-89b5-bc7470b86e5b-medium.png","largeIconUri":"/7406942532680700599/Nb615bbef-9f01-42ba-8582-e3dd73da109d-large.png","wideIconUri":"/7406942532680700599/N73eabcea-b5ce-4266-bb12-319ed384642c-wide.png"},"connectionReferences":{},"databaseReferences":{"default.cds":{"databaseDetails":{"referenceType":"NotSpecified","environmentName":"default.cds","overrideValues":{"status":"NotSpecified"}},"dataSources":{"43b0dc67-68af-47ae-9a9c-9e69d396ba3e":{"entitySetName":"msdyn_aimodels","logicalName":"msdyn_aimodel"},"拜访":{"entitySetName":"cr9ce_visits","logicalName":"cr9ce_visit"},"商户":{"entitySetName":"cr9ce_merchants","logicalName":"cr9ce_merchant"}},"actions":["providers/PowerPlatform.Governance/Operations/Read"]}},"almMode":"Environment","performanceOptimizationEnabled":true,"canConsumeAppPass":true,"executionRestrictions":{"isTeamsOnly":false,"dataLossPreventionEvaluationResult":{"status":"Compliant","lastEvaluationDate":"2022-02-22T05:33:21.5409961Z","violations":[],"violationsByPolicy":[],"violationErrorMessage":"应用使用以下连接器: shared_commondataservice。"}}},"appType":"ClassicCanvasApp","appComponents":[]}}